{
  "ADAM10": {
    "gene_id": "ENSG00000137845",
    "loeuf": 0.276,
    "oe_lof": 0.1790140899116291,
    "pli": 0.9999999998641703
  },
  "ALDH1A2": {
    "gene_id": "ENSG00000128918",
    "loeuf": 0.581,
    "oe_lof": 0.4189584902271924,
    "pli": 0.1650186293859569
  },
  "AXIN2": {
    "gene_id": "ENSG00000168646",
    "loeuf": 0.397,
    "oe_lof": 0.27574547230051616,
    "pli": 0.9999903479141043
  },
  "BMP2": {
    "gene_id": "ENSG00000125845",
    "loeuf": 0.213,
    "oe_lof": 0.06760198255347781,
    "pli": 0.9999910129257877
  },
  "BMP4": {
    "gene_id": "ENSG00000125378",
    "loeuf": 0.258,
    "oe_lof": 0.09973417458283866,
    "pli": 0.9999760571618738
  },
  "BMP7": {
    "gene_id": "ENSG00000101144",
    "loeuf": 0.523,
    "oe_lof": 0.3226416506409795,
    "pli": 0.9587879939606342
  },
  "CDH11": {
    "gene_id": "ENSG00000140937",
    "loeuf": 0.249,
    "oe_lof": 0.13797462359231202,
    "pli": 0.9999999900768948
  },
  "CDH2": {
    "gene_id": "ENSG00000170558",
    "loeuf": 0.336,
    "oe_lof": 0.21137001026630184,
    "pli": 0.9999992100680316
  },
  "CDH6": {
    "gene_id": "ENSG00000113361",
    "loeuf": 0.511,
    "oe_lof": 0.3606454066159613,
    "pli": 0.9486119234946523
  },
  "CHD7": {
    "gene_id": "ENSG00000171316",
    "loeuf": 0.109,
    "oe_lof": 0.07556585717067703,
    "pli": 1
  },
  "CTNNB1": {
    "gene_id": "ENSG00000168036",
    "loeuf": 0.139,
    "oe_lof": 0.07021929878884615,
    "pli": 0.9999999999999991
  },
  "CXCR4": {
    "gene_id": "ENSG00000121966",
    "loeuf": 0.514,
    "oe_lof": 0.26039283624346843,
    "pli": 0.9690790058047958
  },
  "DLL1": {
    "gene_id": "ENSG00000198719",
    "loeuf": 0.236,
    "oe_lof": 0.13530972521111123,
    "pli": 0.999999999520926
  },
  "DLX2": {
    "gene_id": "ENSG00000115844",
    "loeuf": 0.529,
    "oe_lof": 0.2929690095139362,
    "pli": 0.9577167637552021
  },
  "DLX3": {
    "gene_id": "ENSG00000064195",
    "loeuf": 0.559,
    "oe_lof": 0.32045954906714147,
    "pli": 0.9073183275297944
  },
  "DLX5": {
    "gene_id": "ENSG00000105880",
    "loeuf": 0.498,
    "oe_lof": 0.2761180817985116,
    "pli": 0.9811510689584712
  },
  "DLX6": {
    "gene_id": "ENSG00000006377",
    "loeuf": 0.379,
    "oe_lof": 0.16576957227005212,
    "pli": 0.998410994308725
  },
  "ECE1": {
    "gene_id": "ENSG00000117298",
    "loeuf": 0.482,
    "oe_lof": 0.3637612968328571,
    "pli": 0.9876490455562912
  },
  "EDN1": {
    "gene_id": "ENSG00000078401",
    "loeuf": 0.84,
    "oe_lof": 0.5457216721380082,
    "pli": 0.004532230364420212
  },
  "EDN3": {
    "gene_id": "ENSG00000124205",
    "loeuf": 0.696,
    "oe_lof": 0.3989350183785595,
    "pli": 0.38181755487813945
  },
  "EDNRA": {
    "gene_id": "ENSG00000151617",
    "loeuf": 0.424,
    "oe_lof": 0.2501729729299754,
    "pli": 0.9990778520322513
  },
  "EDNRB": {
    "gene_id": "ENSG00000136160",
    "loeuf": 0.585,
    "oe_lof": 0.39479317008904263,
    "pli": 0.49438084223271156
  },
  "ERBB3": {
    "gene_id": "ENSG00000065361",
    "loeuf": 0.695,
    "oe_lof": 0.5853007476090977,
    "pli": 2.6216591180929294e-16
  },
  "ETS1": {
    "gene_id": "ENSG00000134954",
    "loeuf": 0.393,
    "oe_lof": 0.23171951176645347,
    "pli": 0.9998115294209954
  },
  "EVC": {
    "gene_id": "ENSG00000072840",
    "loeuf": 1.134,
    "oe_lof": 0.968788598048495,
    "pli": 6.2955176071502645e-37
  },
  "FGF8": {
    "gene_id": "ENSG00000107831",
    "loeuf": 0.765,
    "oe_lof": 0.4721173435606628,
    "pli": 0.06073878171983254
  },
  "FGFR1": {
    "gene_id": "ENSG00000077782",
    "loeuf": 0.274,
    "oe_lof": 0.18472171462907222,
    "pli": 0.9999999999940704
  },
  "FGFR2": {
    "gene_id": "ENSG00000066468",
    "loeuf": 0.278,
    "oe_lof": 0.18741638246664086,
    "pli": 0.9999999999880698
  },
  "FGFR3": {
    "gene_id": "ENSG00000068078",
    "loeuf": 0.458,
    "oe_lof": 0.32596284632563505,
    "pli": 0.9986490339796982
  },
  "FN1": {
    "gene_id": "ENSG00000115414",
    "loeuf": 0.404,
    "oe_lof": 0.3411345134508348,
    "pli": 0.9999999997079808
  },
  "FOXD3": {
    "gene_id": "ENSG00000187140",
    "loeuf": 1.889,
    "oe_lof": 1.1338434701481972,
    "pli": 0.03401669422809226
  },
  "GATA4": {
    "gene_id": "ENSG00000136574",
    "loeuf": 0.468,
    "oe_lof": 0.24942444769660813,
    "pli": 0.9912150482940826
  },
  "GBX2": {
    "gene_id": "ENSG00000168505",
    "loeuf": 0.596,
    "oe_lof": 0.2833528345548687,
    "pli": 0.8779462532496263
  },
  "GDNF": {
    "gene_id": "ENSG00000168621",
    "loeuf": 0.725,
    "oe_lof": 0.34462860811643226,
    "pli": 0.5974739731092258
  },
  "GFRA1": {
    "gene_id": "ENSG00000151892",
    "loeuf": 0.445,
    "oe_lof": 0.26231902830539156,
    "pli": 0.9976809415512659
  },
  "HAND1": {
    "gene_id": "ENSG00000113196",
    "loeuf": 1.188,
    "oe_lof": 0.6585160050462868,
    "pli": 0.010393995982489796
  },
  "HAND2": {
    "gene_id": "ENSG00000164107",
    "loeuf": 0.601,
    "oe_lof": 0.19103029417902756,
    "pli": 0.886661225772237
  },
  "IRF6": {
    "gene_id": "ENSG00000117595",
    "loeuf": 0.214,
    "oe_lof": 0.10175926668566426,
    "pli": 0.999999979336223
  },
  "ITGB1": {
    "gene_id": "ENSG00000150093",
    "loeuf": 0.396,
    "oe_lof": 0.2336801627094269,
    "pli": 0.9997742134253117
  },
  "JAG1": {
    "gene_id": "ENSG00000101384",
    "loeuf": 0.211,
    "oe_lof": 0.14401894665203777,
    "pli": 1
  },
  "KIT": {
    "gene_id": "ENSG00000157404",
    "loeuf": 0.24,
    "oe_lof": 0.1560885817350954,
    "pli": 0.9999999999997077
  },
  "LEF1": {
    "gene_id": "ENSG00000138795",
    "loeuf": 0.459,
    "oe_lof": 0.2770606552109654,
    "pli": 0.9964110373338565
  },
  "MEF2C": {
    "gene_id": "ENSG00000081189",
    "loeuf": 0.212,
    "oe_lof": 0.09250968005254377,
    "pli": 0.9999998851049374
  },
  "MITF": {
    "gene_id": "ENSG00000187098",
    "loeuf": 0.482,
    "oe_lof": 0.3175407590049381,
    "pli": 0.9920260966439636
  },
  "MMP2": {
    "gene_id": "ENSG00000087245",
    "loeuf": 0.654,
    "oe_lof": 0.5003668877787016,
    "pli": 6.4756699254965e-05
  },
  "MMP9": {
    "gene_id": "ENSG00000100985",
    "loeuf": 1.208,
    "oe_lof": 0.9943495434263707,
    "pli": 3.9223167015473446e-25
  },
  "MSX1": {
    "gene_id": "ENSG00000163132",
    "loeuf": 1.289,
    "oe_lof": 0.7793702700952999,
    "pli": 0.0006630642196291728
  },
  "MSX2": {
    "gene_id": "ENSG00000120149",
    "loeuf": 1.013,
    "oe_lof": 0.5972530105284117,
    "pli": 0.009340169776128853
  },
  "MYCN": {
    "gene_id": "ENSG00000134323",
    "loeuf": 0.311,
    "oe_lof": 0.1202812876161572,
    "pli": 0.9996889857133776
  },
  "NF1": {
    "gene_id": "ENSG00000196712",
    "loeuf": 0.449,
    "oe_lof": 0.38319105598099973,
    "pli": 0.9994588381694336
  },
  "NGFR": {
    "gene_id": "ENSG00000064300",
    "loeuf": 1.111,
    "oe_lof": 0.8187495670889957,
    "pli": 3.806514321416385e-09
  },
  "NKX2-5": {
    "gene_id": "ENSG00000183072",
    "loeuf": 0.321,
    "oe_lof": 0.12421852207709004,
    "pli": 0.9995385839119817
  },
  "NOTCH1": {
    "gene_id": "ENSG00000148400",
    "loeuf": 0.217,
    "oe_lof": 0.16402883746331345,
    "pli": 1
  },
  "NOTCH2": {
    "gene_id": "ENSG00000134250",
    "loeuf": 0.151,
    "oe_lof": 0.10759976988585962,
    "pli": 1
  },
  "NR2F1": {
    "gene_id": "ENSG00000175745",
    "loeuf": 0.133,
    "oe_lof": 0.027941814993028835,
    "pli": 0.9999998807862673
  },
  "NR2F2": {
    "gene_id": "ENSG00000185551",
    "loeuf": 0.197,
    "oe_lof": 0.06255845975208184,
    "pli": 0.9999972665859062
  },
  "NRP1": {
    "gene_id": "ENSG00000099250",
    "loeuf": 0.408,
    "oe_lof": 0.3025334546366392,
    "pli": 0.9999959161263796
  },
  "PAX7": {
    "gene_id": "ENSG00000009709",
    "loeuf": 0.504,
    "oe_lof": 0.3318735403791072,
    "pli": 0.9767444151148198
  },
  "PHOX2B": {
    "gene_id": "ENSG00000109132",
    "loeuf": 0.349,
    "oe_lof": 0.07362291144568185,
    "pli": 0.9922686918860445
  },